{
  "level": 2,
  "reachingTime": 2.0,
  "notes":
  [
   
   
    { "time": 50, "noteType": 0},
    { "time": 50.1, "noteType": 0 },
    { "time": 50.5, "noteType": 0 },
    { "time": 50.8, "noteType": 0 },
    { "time": 51.1, "noteType": 0},
    { "time": 51.3, "noteType": 0 },
    { "time": 51.6, "noteType": 0 },
    { "time": 51.8, "noteType": 0 },
    { "time": 52.5, "noteType": 0 },
    { "time": 53, "noteType": 0 },
    { "time": 53.8, "noteType": 1 },
    { "time": 54.6, "noteType": 1 },
    { "time": 55, "noteType": 1 },
    { "time": 55.3, "noteType": 1 },
    { "time": 55.6, "noteType": 1 },
    { "time": 56.3, "noteType": 1 },
    { "time": 56.8, "noteType": 1 },
    { "time": 57.6, "noteType": 1 },
    { "time": 58.1, "noteType": 1 },
    { "time": 58.4, "noteType": 1 }
    
    
  ]
}